PatientID,FirstName,LastName,Birth_Date,Email,Phone,Address
123456789,John,Doe,01/01/1980,johndoe@example.com,1234567890,"New York,NY"
987654321,Jane,Smith,15/02/1990,janesmith@example.com,9876543210,"Los Angeles,CA"
555557555,David,Johnson,30/03/1975,davidjohnson@example.com,5555555555,"Chicago,IL"
111118111,Emily,Brown,20/04/1988,emilybrown@example.com,1111111111,"Houston,TX"
999995999,Michael,Miller,10/05/1983,michaelmiller@example.com,9999999999,"Phoenix,AZ"
770777777,Sophia,Davis,25/06/1995,sophiadavis@example.com,7777777777,"Philadelphia,PA"
333383133,Daniel,Wilson,05/07/1979,danielwilson@example.com,3333333333,"San Antonio,TX"
661666666,Olivia,Anderson,15/08/1992,oliviaanderson@example.com,6666666666,"San Diego,CA"
220222222,Matthew,Taylor,13/09/1985,matthewtaylor@example.com,2222222222,"Dallas,TX"
444844444,Ava,Thomas,29/10/1998,avathomas@example.com,4444444444,"San Jose,CA"
888488888,Joseph,Martinez,18/11/1982,josephmartinez@example.com,8888888888,"Austin,TX"
555155555,Isabella,Hernandez,07/12/1991,isabellahernandez@example.com,5555555555,"Jacksonville,FL"
999919999,William,Garcia,03/01/1987,williamgarcia@example.com,9999999999,"San Francisco,CA"
775777777,Mia,Lopez,22/02/1996,mialopez@example.com,7777777777,"Indianapolis,IN"
331333333,James,Gonzalez,31/03/1981,jamesgonzalez@example.com,3333333333,"Columbus,OH"
666066666,Charlotte,Rodriguez,18/04/1993,charlotterodriguez@example.com,6666666666,"Fort Worth,TX"
221222222,Benjamin,Lee,11/05/1984,benjaminlee@example.com,2222222222,"Louisville,KY"
144444444,Amelia,Walker,28/06/1997,ameliawalker@example.com,4444444444,"Charlotte,NC"
888881888,Elijah,Hall,07/07/1978,elijahhall@example.com,8888888888,"El Paso,TX"
555515555,Harper,Young,17/08/1989,harperyoung@example.com,5555555555,"Seattle,WA"
999899999,Ethan,Allen,14/09/1994,ethanallen@example.com,9999999999,"Denver,CO"
777177777,Elizabeth,King,31/10/1986,elizabethking@example.com,7777777777,"Washington,DC"
338333333,Alexander,Wright,20/11/1999,alexanderwright@example.com,3333333333,"Memphis,TN"
666166666,Sofia,Lopez,09/12/1980,sofialopez@example.com,6666666666,"Boston,MA"
222292222,Daniel,Campbell,05/01/1992,danielcampbell@example.com,2222222222,"Nashville,TN"
446444444,Avery,Perez,24/02/1983,averyperez@example.com,4444444444,"Baltimore,MD"
888818888,Victoria,Robinson,28/03/1995,victoriarobinson@example.com,8888888888,"Oklahoma City,OK"
555554555,Jackson,Turner,19/04/1988,jacksonturner@example.com,5555555555,"Portland,OR"
